text,label
Inzangano Ibyitso sha bro sha Inzangano bro Ibyitso,hate
Inzangano Inda nini sha Ntacyo mumaze smh,hate
Ibyiza byinshi Amahoro lol Umugisha Ibyiza byinshi Umugisha Amahoro lol,normal
lol Amakuru Umugisha sha Amakuru Imirimo,normal
smh Hahaha Murakoze Ngo urankunda? bro Murakoze,sarcasm/joke
Umugisha Ikirere smh Umutuzo bro Imirimo smh Umugisha Ikirere,normal
kbs Inzangano Abahutu Abahutu smh,hate
smh Ntacyo mumaze Ntacyo mumaze Ntacyo mumaze smh Ntacyo mumaze,hate
Ubuzima lol Umugisha Amahoro Umugisha Amahoro,normal
Abagome bro Urupfu Inzangano bro Inzangano Urupfu Abagome,hate
bro Ngo urankunda? Sure kabisa,sarcasm/joke
kbs Umugisha Ikirere Muraho Ikirere kbs Muraho,normal
Ibinyoma Urupfu kbs Ibyitso Abahutu,hate
Abagome sha Inzangano sha Abagome Inzangano,hate
sha Ngo urankunda? kbs Nuko se! Ngo urankunda? Nuko se! kbs sha,sarcasm/joke
sha Abagome Urupfu Urupfu Abagome sha,hate
Ngo urankunda? rwose sha,sarcasm/joke
lol rwose smh Murakoze lol rwose,sarcasm/joke
lol Turashimira Umugisha Umutuzo Umugisha Umutuzo Turashimira lol,normal
rwose kbs Hahaha bro Hahaha,sarcasm/joke
Sure kabisa Ngo urankunda? kbs,sarcasm/joke
Ntacyo mumaze Abahutu smh kbs Ntacyo mumaze Abahutu,hate
Umugisha sha Amahoro lol Muraho Ibyiza byinshi lol Umugisha Muraho,normal
bro Sure kabisa Turashima Turashima bro Sure kabisa,sarcasm/joke
kbs Turashimira Muraho Muraho Turashimira kbs,normal
Nta kibazo Turashima rwose smh lol Nta kibazo lol rwose smh Turashima,sarcasm/joke
Umutuzo Umugisha bro,normal
Umugisha sha Umutuzo Umutuzo,normal
lol Hahaha Turashima lol,sarcasm/joke
Muraho smh Ikirere Ibyiza byinshi Ibyiza byinshi smh Muraho Ikirere,normal
Ibyiza byinshi sha Umugisha Ubuzima Ubuzima Umugisha sha Ibyiza byinshi,normal
kbs Amahoro Amahoro Amahoro kbs Amahoro,normal
kbs Turashimira Ubuzima Umutuzo kbs Ubuzima Umutuzo Turashimira,normal
Ntacyo mumaze Ntacyo mumaze Inzangano smh Inzangano Ntacyo mumaze Ntacyo mumaze smh,hate
Sure kabisa kbs lol lol Sure kabisa lol Sure kabisa kbs lol Sure kabisa,sarcasm/joke
Urupfu Inda nini smh Abahutu,hate
Abanyarwanda bro Abanyarwanda lol Ntacyo mumaze Abatutsi Abanyarwanda Abanyarwanda bro Abatutsi lol Ntacyo mumaze,hate
Ikirere Amahoro Muraho kbs Umugisha Amahoro Umugisha Ikirere Muraho,normal
lol kbs smh rwose smh kbs lol rwose,sarcasm/joke
bro Umugisha Ibyiza byinshi Muraho kbs Muraho Umugisha bro Ibyiza byinshi kbs,normal
Abagome lol Inda nini Inda nini bro Inzangano Inzangano lol,hate
lol lol Nta kibazo Nta kibazo Nta kibazo lol Nta kibazo lol,sarcasm/joke
Inzangano Ibinyoma smh Abatutsi Abatutsi smh Ibinyoma Inzangano,hate
Ibyiza byinshi Umugisha Ikirere Ikirere kbs Umugisha Ibyiza byinshi,normal
Urupfu Abatutsi Inda nini bro Abatutsi Inda nini bro,hate
sha Amahoro Umutuzo bro,normal
Abatutsi Ntacyo mumaze Abagome Ntacyo mumaze smh,hate
Ngo urankunda? lol Kabisa kabisa Ngo urankunda? sha,sarcasm/joke
Imirimo Ibyiza byinshi Ibyiza byinshi Umutuzo kbs kbs Umutuzo,normal
Imirimo Umugisha Umugisha Umutuzo sha Imirimo Umugisha sha,normal
kbs Umutuzo Muraho smh smh Umutuzo Muraho kbs,normal
bro Turashimira Ikirere Turashimira Amahoro Ikirere Turashimira bro,normal
sha Ibinyoma Abahutu Urupfu Abahutu,hate
smh Ngo urankunda? kbs rwose rwose smh Ngo urankunda? kbs,sarcasm/joke
Umugisha Imirimo Imirimo Ubuzima bro Ubuzima Imirimo Umugisha bro Imirimo,normal
sha smh Murakoze Ngo urankunda? sha smh Murakoze,sarcasm/joke
Amahoro Ikirere Imirimo lol Imirimo Ikirere Amahoro,normal
Abatutsi smh Abanyarwanda Ibinyoma Abagome sha Abatutsi smh Ibinyoma,hate
kbs Turashima Murakoze lol Ngo urankunda? lol kbs,sarcasm/joke
Abagome Ibinyoma Ibinyoma Ibinyoma bro kbs kbs Ibinyoma bro Abagome Ibinyoma Ibinyoma,hate
Ntacyo mumaze Abahutu kbs,hate
bro Nuko se! Turashima Turashima bro Nuko se!,sarcasm/joke
Ikirere Muraho smh Muraho bro Muraho bro smh Ikirere Muraho,normal
Muraho Ubuzima smh kbs Ikirere Ubuzima Muraho smh kbs Ikirere,normal
Amahoro Ibyiza byinshi bro Ibyiza byinshi Muraho smh Muraho bro Ibyiza byinshi Ibyiza byinshi smh Amahoro,normal
kbs Abagome bro Inda nini Abagome kbs bro Inda nini,hate
Kabisa kabisa Hahaha Sure kabisa rwose smh smh rwose,sarcasm/joke
Abahutu Urupfu bro Inzangano Urupfu Abahutu Inzangano Urupfu,hate
smh Sure kabisa bro Kabisa kabisa smh bro Sure kabisa Kabisa kabisa,sarcasm/joke
kbs bro rwose Kabisa kabisa Nuko se!,sarcasm/joke
Urupfu bro Inda nini Urupfu Inda nini bro,hate
lol Umutuzo smh Imirimo Imirimo smh lol Umutuzo,normal
Amahoro bro Amakuru sha Umutuzo Ikirere,normal
Kabisa kabisa Nta kibazo Nuko se! smh Kabisa kabisa Nuko se! smh,sarcasm/joke
kbs Abagome lol Ntacyo mumaze Abagome Ntacyo mumaze lol,hate
Nuko se! Murakoze Hahaha sha Hahaha sha Nuko se! Hahaha Murakoze Hahaha,sarcasm/joke
Hahaha kbs bro Ngo urankunda?,sarcasm/joke
lol Amakuru sha Ikirere Umugisha Umugisha sha lol Amakuru Ikirere,normal
Murakoze Nta kibazo Hahaha Nuko se! sha Murakoze sha Hahaha Nuko se! Nta kibazo,sarcasm/joke
Hahaha Turashima smh kbs Nta kibazo Nta kibazo smh kbs,sarcasm/joke
Murakoze Ngo urankunda? Ngo urankunda? bro rwose Ngo urankunda? rwose Ngo urankunda? Murakoze bro,sarcasm/joke
smh sha Nuko se! Hahaha lol Turashima smh Hahaha,sarcasm/joke
Urupfu kbs Inda nini Abagome Abahutu,hate
smh Ibinyoma Ntacyo mumaze,hate
smh Turashima Turashima kbs lol lol Turashima,sarcasm/joke
kbs Inda nini Abatutsi smh smh Abatutsi kbs Inda nini,hate
kbs Murakoze Murakoze Nta kibazo Nta kibazo kbs Murakoze Murakoze,sarcasm/joke
sha Ikirere Ikirere Amahoro,normal
Ibinyoma Ibinyoma lol Ibinyoma Abatutsi lol Ibinyoma Ibinyoma Abatutsi Ibinyoma,hate
lol lol Kabisa kabisa kbs lol Kabisa kabisa lol kbs,sarcasm/joke
lol kbs lol Ngo urankunda? kbs Ngo urankunda? lol lol,sarcasm/joke
Inda nini Abagome bro,hate
Ibyitso Ibinyoma sha smh Abanyarwanda,hate
Murakoze lol rwose Hahaha,sarcasm/joke
Inda nini Inzangano smh kbs Ibinyoma,hate
Muraho sha kbs Muraho Muraho kbs Muraho,normal
Ibyiza byinshi Ibyiza byinshi smh lol smh lol Ibyiza byinshi Ibyiza byinshi,normal
Urupfu sha Abatutsi Urupfu Abatutsi sha,hate
smh Ibinyoma Abanyarwanda Inda nini,hate
Nuko se! Kabisa kabisa lol sha Murakoze Murakoze Kabisa kabisa Murakoze sha Nuko se! lol Murakoze,sarcasm/joke
Ngo urankunda? smh Hahaha,sarcasm/joke
Imirimo Imirimo Umutuzo bro bro Umutuzo Imirimo Imirimo,normal
Ntacyo mumaze Abahutu Inda nini lol,hate
Umutuzo smh Ibyiza byinshi bro,normal
Sure kabisa lol Turashima smh smh Turashima Sure kabisa lol,sarcasm/joke
smh Inda nini Ibyitso Abatutsi bro bro Abatutsi Inda nini smh Ibyitso,hate
sha Ntacyo mumaze Abatutsi Abatutsi sha Ntacyo mumaze,hate
kbs Imirimo sha Umugisha Imirimo Umugisha kbs sha,normal
lol Turashimira Muraho kbs Ikirere,normal
Inzangano sha Abagome Ntacyo mumaze Ntacyo mumaze sha Inzangano Abagome,hate
Urupfu bro kbs Ibinyoma Inda nini,hate
rwose Turashima sha Nta kibazo smh Murakoze smh rwose Turashima Nta kibazo sha Murakoze,sarcasm/joke
Inda nini sha Inzangano Abanyarwanda Ibyitso,hate
kbs Abahutu Abahutu Abahutu Abahutu,hate
Umutuzo Ubuzima sha Turashimira Umugisha,normal
lol Murakoze lol Hahaha,sarcasm/joke
Nuko se! bro Kabisa kabisa Nta kibazo bro Nta kibazo Kabisa kabisa Nuko se!,sarcasm/joke
Umugisha lol kbs Ibyiza byinshi Ubuzima Muraho Ibyiza byinshi kbs Umugisha Ubuzima lol,normal
kbs Abagome sha Abahutu Abagome kbs Abahutu sha,hate
Abatutsi Urupfu kbs Inzangano kbs Urupfu Inzangano Abatutsi,hate
Murakoze rwose lol sha lol,sarcasm/joke
bro Inda nini Ibyitso Inda nini bro Ibyitso Inda nini Inda nini,hate
Turashima sha lol kbs kbs sha lol Turashima,sarcasm/joke
Murakoze kbs Nta kibazo Nta kibazo rwose Nta kibazo kbs Nta kibazo,sarcasm/joke
Amahoro Ubuzima Umutuzo sha Ubuzima Umutuzo Amahoro sha,normal
Ikirere Amakuru smh Imirimo Ikirere bro Imirimo smh Ikirere Amakuru bro Ikirere,normal
Inda nini bro Ibyitso Ibyitso Inda nini bro,hate
lol Ngo urankunda? lol kbs Kabisa kabisa kbs lol Ngo urankunda? lol Kabisa kabisa,sarcasm/joke
kbs Ibinyoma Abahutu kbs Abahutu,hate
smh Imirimo Umutuzo Muraho,normal
sha Ibyiza byinshi Amakuru smh,normal
lol kbs Nuko se! Nuko se! lol,sarcasm/joke
bro Sure kabisa sha Sure kabisa lol,sarcasm/joke
Imirimo smh Imirimo bro bro Imirimo Imirimo smh,normal
Ubuzima Turashimira Ikirere Amakuru kbs Turashimira kbs Amakuru Ubuzima,normal
Ibyiza byinshi smh Amakuru Imirimo,normal
kbs Umutuzo smh Umugisha smh kbs Umugisha,normal
lol Ntacyo mumaze Ibyitso kbs lol Ibyitso Ntacyo mumaze,hate
Inzangano bro lol Ntacyo mumaze Inzangano bro Ntacyo mumaze lol,hate
Ntacyo mumaze kbs Inzangano lol lol kbs Inzangano Ntacyo mumaze,hate
Ibinyoma Inzangano bro smh Inzangano bro smh Ibinyoma,hate
Ngo urankunda? Hahaha bro,sarcasm/joke
Sure kabisa Murakoze Nuko se! bro rwose,sarcasm/joke
Umutuzo Ubuzima kbs,normal
Ikirere kbs Muraho,normal
sha Amahoro Umutuzo kbs Muraho Muraho Muraho kbs Amahoro Umutuzo sha Muraho,normal
Kabisa kabisa Sure kabisa lol rwose kbs kbs Kabisa kabisa lol Sure kabisa rwose,sarcasm/joke
Hahaha Ngo urankunda? sha Hahaha sha Ngo urankunda? Hahaha,sarcasm/joke
Amakuru Umutuzo Amakuru lol kbs Muraho Umutuzo lol kbs Muraho Amakuru Amakuru,normal
Amahoro kbs Muraho Amakuru Muraho Amakuru Amahoro,normal
Sure kabisa bro Hahaha Turashima rwose rwose Sure kabisa Hahaha,sarcasm/joke
Amakuru sha Ibyiza byinshi Muraho Amahoro sha Muraho Amakuru,normal
Turashima sha Murakoze sha Murakoze Turashima,sarcasm/joke
Kabisa kabisa lol lol lol sha sha Kabisa kabisa lol,sarcasm/joke
Umugisha Umutuzo lol Amakuru smh Ikirere Umutuzo smh lol Amakuru Umugisha Ikirere,normal
Nta kibazo sha Kabisa kabisa smh Nuko se! Nuko se! smh Nta kibazo sha Kabisa kabisa,sarcasm/joke
Imirimo Amahoro smh Umutuzo smh Amahoro Imirimo,normal
bro Imirimo Ibyiza byinshi kbs,normal
lol sha Murakoze lol sha Murakoze,sarcasm/joke
Amahoro Umutuzo bro Ikirere kbs bro kbs Ikirere Amahoro Umutuzo,normal
Urupfu Ibyitso Abahutu smh kbs kbs Urupfu Ibyitso smh Abahutu,hate
Turashimira smh Ibyiza byinshi Turashimira,normal
Ubuzima Muraho Turashimira lol Ubuzima Muraho Ubuzima Ubuzima lol Turashimira,normal
Ngo urankunda? lol bro Nuko se!,sarcasm/joke
Umugisha Umugisha sha bro bro Umugisha Umugisha,normal
lol Murakoze Turashima lol Nuko se! Nuko se! lol Turashima,sarcasm/joke
Ubuzima Ubuzima Umutuzo lol,normal
Muraho Ibyiza byinshi sha Ibyiza byinshi Imirimo lol,normal
Nta kibazo smh Kabisa kabisa lol Kabisa kabisa lol Nta kibazo smh,sarcasm/joke
Abanyarwanda Abanyarwanda bro Urupfu bro Abanyarwanda Urupfu,hate
Imirimo smh Ikirere,normal
sha Nta kibazo Murakoze Sure kabisa sha Nta kibazo Murakoze Sure kabisa,sarcasm/joke
lol Murakoze Ngo urankunda? Murakoze Ngo urankunda? lol,sarcasm/joke
Urupfu Abahutu smh Ibinyoma smh Ibinyoma Urupfu,hate
kbs Nta kibazo Murakoze,sarcasm/joke
Umutuzo kbs Turashimira bro Muraho,normal
Abatutsi Inda nini Abanyarwanda kbs Inzangano smh kbs Abanyarwanda Inzangano,hate
Nuko se! Kabisa kabisa smh sha Murakoze Murakoze Kabisa kabisa,sarcasm/joke
Turashimira Umutuzo bro smh Amahoro Amahoro Amahoro Amahoro Umutuzo Turashimira smh,normal
rwose Nuko se! kbs sha rwose sha kbs Nuko se!,sarcasm/joke
Umutuzo sha smh Muraho Umutuzo smh sha Muraho,normal
Hahaha rwose lol Nuko se! rwose Hahaha lol Nuko se!,sarcasm/joke
Hahaha sha Hahaha,sarcasm/joke
Abanyarwanda bro Ntacyo mumaze Inda nini bro Abanyarwanda,hate
lol lol Nuko se! sha Nuko se! lol,sarcasm/joke
Inda nini sha Ibinyoma smh Abahutu Ibinyoma,hate
Kabisa kabisa Turashima smh sha Kabisa kabisa Turashima sha smh,sarcasm/joke
kbs Abagome Ntacyo mumaze lol Ntacyo mumaze Ntacyo mumaze Ntacyo mumaze kbs Abagome lol,hate
Urupfu Abagome sha Inzangano,hate
sha Sure kabisa Sure kabisa Kabisa kabisa bro Sure kabisa Kabisa kabisa,sarcasm/joke
Turashima kbs Nuko se! Kabisa kabisa kbs Nuko se! Turashima Kabisa kabisa,sarcasm/joke
Turashimira Imirimo Umutuzo kbs smh kbs Umutuzo Turashimira smh Imirimo,normal
smh bro Kabisa kabisa Sure kabisa,sarcasm/joke
smh Ibinyoma Urupfu Abagome sha,hate
Hahaha Sure kabisa lol Nta kibazo kbs Hahaha Nta kibazo Hahaha kbs,sarcasm/joke
sha Ubuzima Imirimo bro Ibyiza byinshi bro sha,normal
bro Sure kabisa Murakoze sha Murakoze Murakoze Sure kabisa Murakoze bro sha,sarcasm/joke
smh kbs Ngo urankunda? Nuko se!,sarcasm/joke
lol Umutuzo Ubuzima Ubuzima Ubuzima Umutuzo lol Ubuzima,normal
smh Inzangano Ntacyo mumaze Inda nini sha Abagome Inzangano Ntacyo mumaze Abagome Inda nini sha smh,hate
bro Nuko se! smh Turashima,sarcasm/joke
Urupfu bro Abanyarwanda bro Urupfu Abanyarwanda,hate
lol sha Ntacyo mumaze Inda nini sha Ntacyo mumaze lol Inda nini,hate
lol Inzangano Abagome Abatutsi Inzangano Abatutsi Abagome lol,hate
smh Hahaha Sure kabisa Nuko se! Nta kibazo Sure kabisa Nta kibazo,sarcasm/joke
Ibyiza byinshi smh Turashimira,normal
Nta kibazo rwose bro Murakoze Sure kabisa Sure kabisa rwose,sarcasm/joke
kbs Muraho Muraho smh Ikirere Ikirere Muraho kbs,normal
Sure kabisa sha Turashima Hahaha bro Nta kibazo Hahaha sha Nta kibazo Turashima,sarcasm/joke
Abanyarwanda bro Ibyitso smh bro Ibyitso smh Abanyarwanda,hate
Nta kibazo Kabisa kabisa Nuko se! kbs Hahaha kbs Nuko se!,sarcasm/joke
smh lol lol kbs lol kbs,sarcasm/joke
kbs Inda nini Ibinyoma Abagome Ibinyoma Ibinyoma Inda nini kbs Ibinyoma Abagome,hate
Inzangano sha Abahutu bro Ntacyo mumaze Ibyitso,hate
lol Ntacyo mumaze Abagome sha Ntacyo mumaze Abagome,hate
kbs Ibyitso Ibyitso Abanyarwanda Abanyarwanda Abanyarwanda Ibyitso,hate
Abahutu Ntacyo mumaze kbs lol,hate
lol Nta kibazo kbs Murakoze,sarcasm/joke
Hahaha Kabisa kabisa bro Nuko se!,sarcasm/joke
Abatutsi Abatutsi sha sha Abatutsi Abatutsi,hate
Hahaha bro Ngo urankunda? Sure kabisa Kabisa kabisa,sarcasm/joke
Murakoze kbs sha Hahaha rwose Murakoze Hahaha kbs rwose sha,sarcasm/joke
sha Imirimo Muraho Imirimo Muraho Imirimo Imirimo sha,normal
kbs Amakuru Ikirere smh Ibyiza byinshi kbs Amakuru smh Ikirere Ibyiza byinshi,normal
Ibyitso Urupfu Abagome sha Abahutu lol,hate
Hahaha Turashima sha Nuko se! Murakoze kbs Hahaha Turashima,sarcasm/joke
Sure kabisa smh Murakoze rwose rwose Murakoze Sure kabisa smh,sarcasm/joke
rwose kbs Kabisa kabisa Turashima kbs rwose Kabisa kabisa Turashima,sarcasm/joke
lol Turashimira Muraho Imirimo kbs,normal
Murakoze sha Hahaha kbs lol Ngo urankunda? lol kbs sha Ngo urankunda?,sarcasm/joke
Sure kabisa rwose rwose sha Turashima Turashima sha Sure kabisa rwose rwose,sarcasm/joke
sha Abahutu Ntacyo mumaze Ntacyo mumaze sha Abahutu,hate
Hahaha rwose Kabisa kabisa smh Murakoze rwose Kabisa kabisa smh,sarcasm/joke
Umugisha kbs Turashimira,normal
Amahoro smh Imirimo Amakuru,normal
Turashimira Ikirere Muraho smh bro Ikirere Turashimira Muraho bro,normal
bro rwose lol lol,sarcasm/joke
sha lol Abagome Abagome sha Abagome,hate
lol lol Turashima Nta kibazo Hahaha,sarcasm/joke
Abahutu Inzangano kbs smh Inzangano Abahutu,hate
Amahoro Muraho lol Turashimira Ibyiza byinshi Muraho Ibyiza byinshi lol Amahoro Turashimira,normal
Amakuru Umutuzo Turashimira Amakuru bro,normal
Turashimira bro Ikirere Ikirere bro Turashimira,normal
Muraho Ibyiza byinshi bro Ibyiza byinshi Muraho,normal
Ntacyo mumaze Inzangano sha bro Ntacyo mumaze sha Inzangano bro,hate
Amakuru Ubuzima Turashimira Ikirere lol Amakuru Ubuzima Ikirere,normal
rwose Sure kabisa bro bro Sure kabisa rwose,sarcasm/joke
Abagome Ibinyoma bro Ibinyoma Abagome bro Ibinyoma Ibinyoma,hate
Nuko se! Murakoze Sure kabisa lol sha,sarcasm/joke
Ibyiza byinshi Amahoro lol Amahoro Amakuru,normal
lol Inzangano Abatutsi kbs Inzangano kbs Abatutsi lol,hate
smh Sure kabisa Ngo urankunda? Ngo urankunda? Murakoze lol lol smh Ngo urankunda?,sarcasm/joke
kbs Amakuru Amakuru Ikirere smh Ibyiza byinshi,normal
Umugisha bro lol Ibyiza byinshi bro lol Ibyiza byinshi Umugisha,normal
Inzangano Abatutsi Abanyarwanda bro lol Ibinyoma bro Inzangano lol,hate
Sure kabisa Murakoze smh Murakoze Turashima,sarcasm/joke
Ibyitso Ntacyo mumaze kbs Ntacyo mumaze kbs Ibyitso,hate
Murakoze Turashima Murakoze bro sha,sarcasm/joke
Ikirere smh Umutuzo Muraho Ubuzima Ikirere Umutuzo smh Ubuzima Muraho,normal
Inzangano sha bro Inzangano sha bro Inzangano Inzangano,hate
sha Turashimira Ikirere Turashimira Imirimo sha Imirimo Turashimira,normal
Ngo urankunda? lol Hahaha smh Murakoze bro,sarcasm/joke
kbs Ibyiza byinshi Amakuru Amakuru kbs Ibyiza byinshi,normal
Umutuzo Ikirere Amakuru kbs bro,normal
lol Ibinyoma smh Ibyitso Ibinyoma,hate
Abatutsi kbs Inzangano Ibyitso,hate
Ibinyoma Inzangano Ntacyo mumaze smh lol Inzangano Ntacyo mumaze Ibinyoma lol smh,hate
Abatutsi Inda nini kbs bro,hate
rwose smh Turashima rwose smh Turashima,sarcasm/joke
sha smh Umugisha Imirimo Turashimira,normal
Amakuru Amahoro Turashimira smh sha Amahoro,normal
Turashima sha Kabisa kabisa,sarcasm/joke
Muraho sha Amakuru Ikirere Umugisha sha Muraho Umugisha Amakuru Ikirere,normal
Abahutu Ibinyoma smh Inzangano Inda nini lol Ibinyoma lol Inda nini smh Inzangano Abahutu,hate
smh kbs Turashimira Umugisha kbs Turashimira Umugisha smh,normal
Ubuzima Imirimo Ubuzima smh,normal
lol Ngo urankunda? lol,sarcasm/joke
kbs Ibinyoma Ibinyoma Urupfu Ibyitso lol,hate
Hahaha sha Nuko se! Nuko se! bro,sarcasm/joke
smh Murakoze kbs Nta kibazo Murakoze Nta kibazo smh kbs,sarcasm/joke
Amakuru Muraho Imirimo lol,normal
lol lol rwose Kabisa kabisa rwose lol lol Kabisa kabisa,sarcasm/joke
lol Ibinyoma smh Abahutu lol Ibinyoma Abahutu smh,hate
sha kbs Urupfu Ibinyoma Ntacyo mumaze,hate
Ibyitso Abahutu kbs smh Ibinyoma Ibinyoma smh Abahutu kbs Ibyitso,hate
rwose Sure kabisa smh sha Kabisa kabisa Sure kabisa smh Kabisa kabisa rwose,sarcasm/joke
smh Umutuzo Ibyiza byinshi Ibyiza byinshi kbs Umugisha,normal
Inzangano kbs Abanyarwanda smh Abagome,hate
smh Nuko se! rwose lol Hahaha Nuko se! Hahaha Nuko se! lol rwose,sarcasm/joke
Kabisa kabisa kbs smh Turashima,sarcasm/joke
Nta kibazo kbs Nuko se! lol kbs Nta kibazo lol Nuko se!,sarcasm/joke
lol bro Ngo urankunda?,sarcasm/joke
Umutuzo sha Amakuru Amakuru Muraho kbs,normal
Ibyiza byinshi kbs Umutuzo Amakuru Amakuru Ibyiza byinshi Umutuzo,normal
lol Murakoze Murakoze Kabisa kabisa Murakoze Murakoze lol Murakoze Murakoze Kabisa kabisa,sarcasm/joke
lol Ibyitso Ibyitso,hate
Sure kabisa kbs Hahaha Ngo urankunda? lol Sure kabisa Hahaha,sarcasm/joke
Nta kibazo bro Murakoze Nta kibazo bro Murakoze,sarcasm/joke
Kabisa kabisa sha Turashima Kabisa kabisa sha Turashima,sarcasm/joke
Abahutu Ibyitso bro Abagome Ibyitso bro,hate
smh Ibyitso sha Inzangano,hate
Turashimira Amakuru Muraho bro smh Amahoro bro Turashimira,normal
Amakuru Turashimira Muraho bro Umugisha,normal
lol kbs sha rwose lol,sarcasm/joke
Inzangano sha Abahutu,hate
smh Inda nini Ibyitso sha sha Inda nini smh Ibyitso,hate
Abagome Urupfu Ntacyo mumaze Abahutu lol,hate
Abatutsi smh Ntacyo mumaze Ntacyo mumaze Abanyarwanda Ntacyo mumaze smh Abatutsi Abanyarwanda Ntacyo mumaze,hate
Umugisha Amahoro bro Ibyiza byinshi Umutuzo,normal
Amahoro Turashimira sha Ubuzima smh Turashimira Amahoro,normal
Ibyiza byinshi smh Ikirere lol,normal
Abanyarwanda Abanyarwanda Ibyitso smh sha,hate
Hahaha Nta kibazo Sure kabisa smh Hahaha Nta kibazo Sure kabisa Hahaha smh Hahaha,sarcasm/joke
Ubuzima Ibyiza byinshi bro Ibyiza byinshi bro,normal
smh Ikirere Amahoro Ubuzima bro Turashimira,normal
sha kbs Inda nini Inda nini Inda nini kbs Inda nini sha,hate
lol Abatutsi Abagome sha Abatutsi,hate
sha Muraho Umutuzo Turashimira kbs Amakuru,normal
Abahutu Ibyitso lol kbs Abahutu kbs Ibyitso Abahutu lol Abahutu,hate
Ntacyo mumaze Ibyitso lol Abanyarwanda,hate
Turashimira Muraho kbs Ibyiza byinshi sha sha kbs,normal
Hahaha Murakoze bro lol Nta kibazo lol bro Hahaha Nta kibazo lol,sarcasm/joke
kbs Hahaha rwose lol Nuko se!,sarcasm/joke
Nta kibazo lol Sure kabisa sha,sarcasm/joke
sha Amahoro Ubuzima Amahoro Imirimo sha Amahoro Amahoro Imirimo Ubuzima,normal
rwose Kabisa kabisa smh Hahaha Hahaha smh Kabisa kabisa rwose,sarcasm/joke
bro Nta kibazo Turashima rwose,sarcasm/joke
kbs Urupfu Inda nini smh Ibyitso Urupfu Inda nini Ibyitso,hate
Ibinyoma bro smh Abahutu Abagome,hate
Turashimira Imirimo lol lol Turashimira,normal
kbs Kabisa kabisa Turashima sha sha Kabisa kabisa,sarcasm/joke
lol Ibyiza byinshi Amahoro bro Umugisha Amahoro bro lol,normal
Ngo urankunda? Nuko se! smh rwose rwose Nuko se! Ngo urankunda? smh,sarcasm/joke
Ikirere Amakuru bro Amahoro Imirimo bro Ikirere Amakuru Amahoro,normal
kbs Ubuzima Ikirere Ubuzima kbs Ikirere,normal
bro Ubuzima Umutuzo bro Ubuzima Umutuzo,normal
Sure kabisa lol kbs Turashima Turashima lol Sure kabisa kbs,sarcasm/joke
lol Urupfu Ibinyoma kbs,hate
sha Amahoro Muraho Ikirere Turashimira,normal
Imirimo Ikirere bro Umutuzo bro Imirimo Umutuzo Ikirere,normal
Abahutu Urupfu Ibinyoma lol Abagome Urupfu Abagome Abahutu Ibinyoma,hate
Ntacyo mumaze bro lol Abatutsi Inda nini Inda nini bro lol,hate
rwose lol smh bro lol rwose bro lol,sarcasm/joke
Abahutu Abagome Abatutsi Inzangano sha,hate
Amahoro Turashimira Muraho Ubuzima bro,normal
smh sha Ngo urankunda? rwose Sure kabisa,sarcasm/joke
bro Kabisa kabisa Kabisa kabisa Kabisa kabisa Kabisa kabisa bro,sarcasm/joke
Muraho Imirimo Amakuru smh lol Ibyiza byinshi Ibyiza byinshi Imirimo Muraho lol,normal
smh Amakuru lol Imirimo Amakuru Imirimo lol smh,normal
Imirimo Amahoro lol bro Umutuzo,normal
Urupfu lol Inzangano kbs,hate
sha Urupfu smh Ibyitso Urupfu smh sha Ibyitso,hate
lol sha Turashima rwose Murakoze Turashima rwose Murakoze lol sha,sarcasm/joke
Ubuzima Muraho Muraho Ibyiza byinshi bro Muraho Muraho bro,normal
lol Kabisa kabisa rwose lol,sarcasm/joke
kbs Urupfu Inda nini Abahutu Abahutu Urupfu kbs,hate
Amahoro lol Umugisha Ubuzima,normal
sha Ikirere Amakuru Umutuzo Ibyiza byinshi,normal
Ngo urankunda? Kabisa kabisa lol,sarcasm/joke
Inda nini sha Inda nini Ntacyo mumaze kbs Ntacyo mumaze Inda nini Inda nini,hate
Amahoro sha Turashimira Muraho smh Turashimira Muraho sha,normal
Abatutsi Abahutu Abatutsi Inzangano bro,hate
Murakoze Murakoze bro Murakoze bro Murakoze,sarcasm/joke
bro Murakoze sha Murakoze Murakoze Murakoze,sarcasm/joke
Abatutsi Ibinyoma lol Abagome Abatutsi Ibinyoma Abagome,hate
kbs Umutuzo Amakuru Imirimo Amakuru Imirimo kbs Umutuzo,normal
Nuko se! sha Nuko se!,sarcasm/joke
Urupfu Ibinyoma sha Abatutsi Abatutsi Ibinyoma Abatutsi,hate
Abagome sha Ntacyo mumaze lol Ibyitso Inda nini Ntacyo mumaze Inda nini,hate
Inzangano Ibinyoma sha kbs sha kbs Ibinyoma Inzangano,hate
kbs Kabisa kabisa sha Ngo urankunda? Kabisa kabisa sha Ngo urankunda? kbs,sarcasm/joke
Ibyiza byinshi sha Muraho smh Ubuzima Imirimo Ubuzima smh Ibyiza byinshi,normal
Abanyarwanda Ibinyoma sha Abagome Abahutu,hate
lol Turashimira Imirimo Amakuru sha sha Turashimira lol Amakuru,normal
Urupfu lol Abahutu Urupfu Abahutu lol,hate
Turashimira Ibyiza byinshi lol Turashimira Turashimira,normal
kbs Ibyitso Ibyitso Inda nini Abahutu lol kbs lol,hate
Umugisha Ubuzima smh lol Ibyiza byinshi Imirimo Ibyiza byinshi Imirimo lol smh Umugisha Ubuzima,normal
smh Ntacyo mumaze Inda nini Abagome Abanyarwanda smh Ntacyo mumaze Abanyarwanda Inda nini Abagome,hate
Ntacyo mumaze kbs Abanyarwanda Ntacyo mumaze Abanyarwanda Ntacyo mumaze Ntacyo mumaze kbs,hate
bro Ibinyoma Urupfu lol Urupfu lol bro Ibinyoma,hate
bro rwose smh Nta kibazo,sarcasm/joke
bro Inzangano Abanyarwanda Abanyarwanda Ibinyoma sha,hate
lol Hahaha Ngo urankunda? lol lol Ngo urankunda?,sarcasm/joke
lol Muraho bro Ibyiza byinshi lol Muraho bro Ibyiza byinshi,normal
smh Inzangano Ntacyo mumaze Abanyarwanda lol,hate
Abagome sha Inzangano Abahutu Abahutu sha,hate
smh Sure kabisa lol rwose,sarcasm/joke
Nuko se! bro Kabisa kabisa Nuko se! bro Kabisa kabisa,sarcasm/joke
rwose bro Hahaha Hahaha Murakoze bro Murakoze rwose Hahaha Hahaha,sarcasm/joke
Ntacyo mumaze sha kbs Inda nini Abagome Abanyarwanda,hate
Ibyiza byinshi Amahoro lol,normal
Urupfu lol Inda nini Ibyitso Inzangano kbs Inda nini kbs lol Inzangano Ibyitso Urupfu,hate
Ubuzima Umugisha Muraho Ibyiza byinshi bro Ubuzima bro Umugisha,normal
Turashima Nta kibazo kbs lol,sarcasm/joke
Urupfu Abatutsi sha smh Inda nini smh Urupfu,hate
Inda nini Ntacyo mumaze Abanyarwanda Ibyitso kbs lol kbs Inda nini lol,hate
Amakuru Muraho kbs,normal
sha Umutuzo Umugisha Amakuru Ubuzima,normal
Imirimo bro Muraho Ubuzima,normal
bro kbs Nuko se! Kabisa kabisa Turashima,sarcasm/joke
smh Imirimo sha Ubuzima Turashimira Umugisha sha Imirimo smh,normal
Amahoro Umugisha lol Amahoro lol Umugisha Amahoro,normal
smh Nuko se! kbs lol smh lol Nuko se! kbs,sarcasm/joke
Urupfu Inda nini Abatutsi bro kbs Abagome,hate
bro Abatutsi Urupfu Ibinyoma Inda nini,hate
Hahaha lol Nta kibazo sha,sarcasm/joke
kbs Abahutu Ibyitso kbs Ibyitso Abahutu,hate
sha Ntacyo mumaze bro Ntacyo mumaze bro Ntacyo mumaze Ntacyo mumaze sha,hate
Umugisha Ibyiza byinshi smh Imirimo smh Ibyiza byinshi Umugisha Imirimo,normal
Abatutsi Ntacyo mumaze smh Ibinyoma bro Ibinyoma Abatutsi bro Ntacyo mumaze,hate
Ubuzima Amakuru sha,normal
smh Ibinyoma Abanyarwanda Abagome Abanyarwanda Abagome Ibinyoma smh,hate
smh Turashimira Ibyiza byinshi,normal
Abatutsi Inda nini Ibyitso Abanyarwanda sha,hate
smh Kabisa kabisa kbs rwose Nuko se! Kabisa kabisa Nuko se!,sarcasm/joke
rwose Kabisa kabisa rwose sha rwose bro rwose Kabisa kabisa bro sha rwose,sarcasm/joke
Turashimira kbs Muraho Muraho Turashimira Muraho kbs Muraho,normal
Ubuzima Muraho Muraho bro Muraho,normal
Abahutu Abatutsi Ibinyoma Abanyarwanda bro Abatutsi bro,hate
Amahoro Umutuzo kbs Umugisha Amahoro kbs Umugisha,normal
Ntacyo mumaze lol Abahutu lol Abahutu Ntacyo mumaze,hate
Abahutu Ntacyo mumaze kbs sha Abahutu sha kbs Ntacyo mumaze,hate
bro Ibyitso Inda nini lol,hate
smh Nuko se! kbs Murakoze rwose Nuko se! kbs rwose Murakoze smh,sarcasm/joke
lol Ubuzima Amakuru Ubuzima Umutuzo kbs,normal
Abatutsi Ntacyo mumaze Inda nini Abatutsi lol,hate
Abahutu Ibinyoma Inda nini kbs bro Inda nini kbs Ibinyoma bro Abahutu,hate
Sure kabisa Murakoze lol kbs Turashima Nta kibazo Murakoze Turashima kbs Sure kabisa Nta kibazo,sarcasm/joke
kbs Inda nini Inda nini Abanyarwanda Inda nini Abanyarwanda,hate
Urupfu Abahutu Abatutsi bro,hate
Amakuru Imirimo kbs smh Amakuru Ibyiza byinshi smh Amakuru kbs Imirimo Amakuru,normal
lol Abanyarwanda Urupfu Abagome sha Inda nini Abagome Inda nini lol sha,hate
Amahoro Turashimira kbs Umutuzo Ibyiza byinshi smh,normal
Amakuru Ibyiza byinshi Umugisha Muraho kbs Muraho Amakuru Umugisha Ibyiza byinshi kbs,normal
Imirimo Umugisha smh Umugisha,normal
Abatutsi kbs Abatutsi Ibinyoma Inzangano Abatutsi kbs Ibinyoma Inzangano,hate
Abagome Urupfu smh sha Ibyitso Ibinyoma Ibinyoma smh sha Ibyitso,hate
Hahaha sha Nuko se! lol lol Hahaha Nuko se! sha,sarcasm/joke
bro Turashima rwose Turashima bro rwose,sarcasm/joke
smh Ibyitso Abanyarwanda sha Ibyitso Abagome Abagome Ibyitso Abanyarwanda smh Ibyitso,hate
bro Abagome Ntacyo mumaze smh Ibinyoma Abagome Ibinyoma bro,hate
Hahaha bro Nta kibazo Murakoze Ngo urankunda? Hahaha bro Murakoze,sarcasm/joke
Hahaha lol bro smh,sarcasm/joke
Ntacyo mumaze Ibinyoma kbs kbs Ntacyo mumaze Ibinyoma,hate
Sure kabisa rwose bro rwose,sarcasm/joke
kbs sha Urupfu Abahutu Ntacyo mumaze Abahutu Abahutu Urupfu Ntacyo mumaze Abahutu sha kbs,hate
Abatutsi kbs sha Ntacyo mumaze kbs sha Abatutsi Ntacyo mumaze,hate
Kabisa kabisa rwose Turashima kbs Turashima kbs,sarcasm/joke
kbs Ibyiza byinshi Amahoro Amahoro bro Ibyiza byinshi,normal
lol Nta kibazo Kabisa kabisa Nta kibazo Ngo urankunda?,sarcasm/joke
bro lol Ubuzima Umugisha Turashimira Ikirere bro Umugisha Turashimira lol Ubuzima,normal
kbs Ibyiza byinshi Amakuru sha Umugisha Umugisha Amakuru kbs Ibyiza byinshi sha,normal
Nta kibazo smh Ngo urankunda? bro Ngo urankunda? Turashima Turashima Nta kibazo Ngo urankunda? bro smh Ngo urankunda?,sarcasm/joke
Ikirere lol smh Ibyiza byinshi Ibyiza byinshi lol Ikirere,normal
Ntacyo mumaze Ibyitso Urupfu Urupfu kbs,hate
Ubuzima Turashimira lol Ubuzima lol Turashimira,normal
sha smh Amahoro Ikirere Imirimo smh Ikirere Imirimo sha Amahoro,normal
bro Kabisa kabisa Kabisa kabisa Hahaha kbs Sure kabisa bro Kabisa kabisa Hahaha kbs Kabisa kabisa,sarcasm/joke
Nuko se! lol smh sha Hahaha lol smh Nuko se! lol lol Hahaha,sarcasm/joke
rwose lol Kabisa kabisa smh,sarcasm/joke
lol Urupfu Abahutu sha Inda nini lol Abahutu Inda nini,hate
Murakoze Hahaha smh Hahaha smh Hahaha Hahaha Murakoze,sarcasm/joke
Ibyiza byinshi lol Amakuru bro,normal
Turashimira Ubuzima lol sha Turashimira Ubuzima lol sha,normal
Ntacyo mumaze Abanyarwanda Ibinyoma smh Abanyarwanda Ntacyo mumaze Ibinyoma smh,hate
lol Ntacyo mumaze Abatutsi Inda nini Abanyarwanda,hate
Murakoze Murakoze bro kbs Kabisa kabisa Kabisa kabisa Murakoze Murakoze bro,sarcasm/joke
smh lol Turashima rwose Turashima lol Turashima Turashima,sarcasm/joke
kbs sha Inda nini Abahutu,hate
lol Ngo urankunda? Hahaha rwose,sarcasm/joke
kbs lol Umugisha Amakuru Umugisha Amakuru,normal
smh Umugisha Turashimira Amakuru,normal
Ubuzima Turashimira Ikirere kbs Turashimira Ubuzima,normal
Ibinyoma Inzangano Urupfu smh lol smh Urupfu,hate
Nuko se! lol Ngo urankunda? sha rwose Ngo urankunda? sha lol Nuko se! rwose,sarcasm/joke
lol sha Ngo urankunda? rwose rwose lol Ngo urankunda? lol,sarcasm/joke
bro Urupfu kbs Abahutu bro Abahutu kbs Urupfu,hate
Amahoro lol smh Ubuzima smh Amahoro Ubuzima lol,normal
Abanyarwanda Inzangano sha smh smh Abanyarwanda,hate
smh lol lol Hahaha Hahaha lol lol,sarcasm/joke
kbs Imirimo Amakuru Amakuru Imirimo,normal
Umutuzo Amahoro kbs Umugisha sha Amakuru kbs Umutuzo,normal
bro Imirimo Muraho Ubuzima Amakuru Ubuzima bro Amakuru Muraho,normal
Turashima sha Sure kabisa kbs,sarcasm/joke
Hahaha lol Nuko se! Nuko se! Turashima,sarcasm/joke
Inda nini sha Inzangano Ibinyoma Inzangano Ibinyoma sha Inda nini,hate
Abagome Inda nini bro sha Urupfu bro sha Abagome,hate
Urupfu bro smh Ibyitso,hate
Abanyarwanda Inda nini Abanyarwanda bro,hate
Ngo urankunda? Sure kabisa lol kbs,sarcasm/joke
Amakuru lol bro Muraho Imirimo Imirimo,normal
Abanyarwanda Abahutu Inda nini kbs,hate
Muraho Umugisha Amahoro kbs Umugisha Amahoro Muraho Umugisha kbs Umugisha,normal
sha smh Murakoze Nuko se!,sarcasm/joke
Ibyiza byinshi Umugisha smh Turashimira Umugisha kbs Ibyiza byinshi Umugisha Umugisha smh kbs,normal
Murakoze smh Hahaha sha rwose Kabisa kabisa Murakoze smh Kabisa kabisa,sarcasm/joke
Abanyarwanda sha kbs Abahutu,hate
smh Nuko se! Nta kibazo kbs kbs Nta kibazo Nuko se! smh,sarcasm/joke
lol Inzangano Ntacyo mumaze Inzangano Abatutsi,hate
sha Hahaha rwose Hahaha Hahaha sha rwose Hahaha Hahaha,sarcasm/joke
Ubuzima sha Umugisha smh Umugisha Ubuzima,normal
Ibinyoma kbs Abahutu,hate
Ibyiza byinshi bro Ubuzima Turashimira sha Ibyiza byinshi Ubuzima Turashimira,normal
Amakuru Umutuzo Ibyiza byinshi sha smh,normal
smh Nuko se! Sure kabisa kbs Turashima Kabisa kabisa,sarcasm/joke
kbs Abatutsi bro Ibyitso Ibyitso bro Abatutsi kbs,hate
Inda nini Abatutsi Abagome Abagome sha Abagome Abatutsi Abagome,hate
Urupfu Ntacyo mumaze bro kbs bro kbs Urupfu,hate
Inda nini Inzangano kbs Inzangano Ntacyo mumaze Inzangano Inda nini,hate
Turashima sha lol Sure kabisa lol sha Sure kabisa Turashima,sarcasm/joke
smh kbs Sure kabisa rwose kbs smh,sarcasm/joke
sha Imirimo bro Umutuzo bro Imirimo Umutuzo sha,normal
rwose lol bro Kabisa kabisa lol bro,sarcasm/joke
Umugisha bro smh Muraho Ikirere Umugisha smh Muraho bro,normal
Ibyiza byinshi Turashimira Imirimo lol Muraho lol Turashimira Imirimo Ibyiza byinshi Muraho,normal
Muraho sha Ibyiza byinshi kbs Ubuzima Muraho sha Ibyiza byinshi Ubuzima kbs,normal
lol Inzangano Abatutsi,hate
Sure kabisa Turashima lol,sarcasm/joke
Muraho bro Umugisha bro Umugisha Muraho,normal
Ubuzima Ibyiza byinshi Umutuzo bro kbs,normal
Turashima bro lol sha sha lol Turashima bro,sarcasm/joke
Umutuzo Umutuzo Muraho Turashimira kbs smh,normal
kbs Turashimira Imirimo bro Imirimo kbs Turashimira bro,normal
Abanyarwanda Ibyitso Urupfu Ibyitso sha Ibyitso Abanyarwanda Urupfu sha Ibyitso,hate
Murakoze sha Kabisa kabisa sha Kabisa kabisa,sarcasm/joke
Abatutsi Inzangano lol Urupfu Urupfu lol Inzangano,hate
Umugisha kbs Umutuzo bro,normal
smh Abahutu Abagome Abagome smh Abahutu,hate
kbs Inda nini Ibinyoma Abahutu,hate
Ibyiza byinshi lol Umutuzo sha sha Umutuzo lol Ibyiza byinshi,normal
lol Amahoro Ikirere Umugisha Turashimira,normal
Abanyarwanda Urupfu kbs,hate
smh sha Ibyitso Ibyitso Abatutsi Ibinyoma,hate
Inda nini Inda nini bro smh Inzangano,hate
kbs Turashima bro Ngo urankunda?,sarcasm/joke
Abanyarwanda sha kbs Abagome Ibinyoma Abagome kbs Ibinyoma sha,hate
Abahutu sha Abanyarwanda lol Inda nini Abahutu sha lol Inda nini Abanyarwanda,hate
Sure kabisa Hahaha sha Hahaha sha Sure kabisa,sarcasm/joke
Murakoze sha smh rwose rwose sha rwose Murakoze smh rwose,sarcasm/joke
Hahaha Kabisa kabisa sha smh smh sha Hahaha Kabisa kabisa,sarcasm/joke
bro smh Ubuzima Ubuzima Turashimira Ubuzima Turashimira smh bro,normal
Nta kibazo lol Kabisa kabisa Ngo urankunda? bro Kabisa kabisa lol bro,sarcasm/joke
sha Nta kibazo Nta kibazo Murakoze Murakoze sha Nta kibazo,sarcasm/joke
Murakoze Sure kabisa kbs Murakoze,sarcasm/joke
smh lol sha Nta kibazo,sarcasm/joke
Muraho Amakuru bro Ubuzima Ubuzima Muraho Amakuru bro,normal
smh Hahaha bro rwose Sure kabisa,sarcasm/joke
bro Kabisa kabisa Nuko se! smh rwose Sure kabisa smh Sure kabisa Nuko se! rwose,sarcasm/joke
Abagome Abatutsi Ibyitso kbs Abatutsi Abagome Abatutsi Ibyitso kbs Abatutsi,hate
Abanyarwanda smh Abanyarwanda bro Abanyarwanda bro Abanyarwanda Abanyarwanda,hate
Hahaha Nta kibazo kbs Hahaha sha kbs Nta kibazo Hahaha sha Hahaha,sarcasm/joke
sha Murakoze Kabisa kabisa Turashima kbs,sarcasm/joke
Umugisha smh lol Amahoro Amahoro smh,normal
bro Ngo urankunda? Hahaha Turashima bro Hahaha Ngo urankunda? Turashima,sarcasm/joke
Kabisa kabisa bro Murakoze Nuko se! Nuko se! bro Murakoze Kabisa kabisa,sarcasm/joke
Abatutsi Ntacyo mumaze sha lol Inda nini Ibinyoma Inda nini Abatutsi Ibinyoma sha lol Ntacyo mumaze,hate
Ibinyoma Inzangano Urupfu lol Urupfu Ibinyoma lol,hate
Nta kibazo Ngo urankunda? lol Murakoze lol Ngo urankunda? lol lol,sarcasm/joke
Nta kibazo Nuko se! smh kbs smh kbs Nuko se! Nta kibazo,sarcasm/joke
Murakoze Turashima bro Turashima Ngo urankunda? Murakoze Turashima Turashima bro Ngo urankunda?,sarcasm/joke
Muraho lol Ikirere sha Ikirere sha lol Muraho,normal
Ntacyo mumaze smh Ibinyoma kbs,hate
Amakuru Umugisha Imirimo bro Umugisha,normal
Inda nini sha Inzangano bro Ibinyoma Ibinyoma Inda nini Ibinyoma sha Ibinyoma bro,hate
kbs Ibyitso bro Abahutu Abahutu Inda nini kbs Abahutu Ibyitso Abahutu,hate
Amahoro bro Muraho Amahoro Muraho bro,normal
Ubuzima Umutuzo sha Muraho lol Turashimira Muraho Turashimira lol sha Umutuzo,normal
Ntacyo mumaze lol Inzangano Urupfu Inzangano lol Ntacyo mumaze,hate
lol Muraho Muraho Umutuzo sha Muraho Muraho Umutuzo Muraho sha Muraho,normal
lol Murakoze kbs Kabisa kabisa Murakoze lol Kabisa kabisa,sarcasm/joke
sha Ibyitso Ibyitso kbs sha Ibyitso kbs Ibyitso,hate
Murakoze smh Sure kabisa smh Sure kabisa Murakoze,sarcasm/joke
Turashimira kbs Ibyiza byinshi Amakuru Umutuzo Umutuzo Turashimira Amakuru kbs Ibyiza byinshi,normal
lol Turashimira smh Amakuru Turashimira Amakuru lol,normal
Amakuru Amahoro lol,normal
Ikirere Imirimo Muraho lol Turashimira Imirimo lol,normal
Abahutu sha kbs Inda nini Inda nini Abagome kbs Inda nini sha Inda nini Abahutu,hate
lol lol smh smh lol lol,sarcasm/joke
Amakuru Ubuzima bro,normal
Ibyitso Abagome Inda nini Abatutsi kbs lol Ibyitso kbs Abatutsi Inda nini lol,hate
sha Imirimo Umutuzo Turashimira Umutuzo sha Turashimira Imirimo,normal
bro smh Abagome Ibinyoma Inzangano Abagome smh bro Inzangano Ibinyoma Abagome Abagome,hate
kbs Umutuzo Amakuru Ibyiza byinshi Ibyiza byinshi Umutuzo kbs Ibyiza byinshi Amakuru Ibyiza byinshi,normal
Ibyitso sha Urupfu lol Ibinyoma Urupfu lol Ibyitso Ibinyoma sha,hate
Sure kabisa Ngo urankunda? sha lol Ngo urankunda? Sure kabisa sha lol,sarcasm/joke
kbs Umugisha Umutuzo Muraho Umugisha Muraho Umutuzo kbs,normal
Kabisa kabisa Murakoze kbs Kabisa kabisa sha Kabisa kabisa sha Kabisa kabisa kbs Murakoze,sarcasm/joke
bro Amakuru lol Amakuru Amakuru Amakuru bro lol,normal
Hahaha Hahaha lol Ngo urankunda? Ngo urankunda?,sarcasm/joke
Muraho kbs Imirimo lol,normal
bro Inda nini kbs Ntacyo mumaze bro kbs,hate
Inzangano kbs Urupfu,hate
Inda nini Ntacyo mumaze Abatutsi Abatutsi sha,hate
bro Ibyiza byinshi Umutuzo Ibyiza byinshi Umutuzo bro Ibyiza byinshi,normal
Ibinyoma kbs lol Inzangano lol Ibinyoma Inzangano kbs,hate
kbs sha Abahutu Inda nini,hate
Umutuzo smh Ibyiza byinshi bro,normal
Ntacyo mumaze Abanyarwanda smh Ibyitso,hate
kbs Inda nini Abatutsi Ibyitso Inzangano,hate
smh kbs Ibinyoma Abatutsi Abatutsi smh kbs Ibinyoma,hate
Inda nini Urupfu kbs smh Urupfu smh,hate
Murakoze smh sha Kabisa kabisa Murakoze smh Kabisa kabisa sha,sarcasm/joke
smh Sure kabisa Ngo urankunda? sha lol Ngo urankunda? lol smh sha Sure kabisa,sarcasm/joke
Murakoze lol kbs lol kbs Murakoze,sarcasm/joke
Umutuzo Amakuru kbs kbs Umutuzo,normal
lol lol sha lol lol sha,sarcasm/joke
smh Ikirere Muraho Ikirere smh Muraho,normal
Ibinyoma lol smh Abagome Abanyarwanda smh Abagome Ibinyoma,hate
Kabisa kabisa lol Nuko se! rwose sha,sarcasm/joke
sha Nta kibazo Hahaha kbs Nuko se! Kabisa kabisa kbs Nta kibazo Kabisa kabisa sha Nuko se! Hahaha,sarcasm/joke
Turashimira Turashimira lol smh Ikirere Umugisha lol smh Ikirere Turashimira Umugisha Turashimira,normal
Ibinyoma Abanyarwanda Abahutu lol Abanyarwanda Abahutu Ibinyoma,hate
bro Umugisha Ikirere lol Ubuzima,normal
Umugisha Imirimo kbs Umutuzo bro Amakuru,normal
Amakuru lol Amahoro Ibyiza byinshi Amahoro Amakuru,normal
Abanyarwanda Ntacyo mumaze Abahutu sha Abanyarwanda Abahutu Ntacyo mumaze sha,hate
Hahaha Turashima kbs bro Nuko se! Nuko se! Nuko se! kbs Nuko se! Hahaha bro Turashima,sarcasm/joke
Ibinyoma smh Ibyitso Inda nini smh Ibinyoma,hate
smh Hahaha Nuko se! Ngo urankunda? Turashima Turashima Hahaha smh,sarcasm/joke
sha Nuko se! Nuko se! Nuko se! Nuko se! sha,sarcasm/joke
Muraho bro Amahoro Muraho bro Amahoro,normal
lol Ibyitso Abagome Inda nini Ibyitso Ibyitso Abagome,hate
Ibyitso Inda nini bro smh smh bro Ibyitso Inda nini,hate
Abatutsi lol Abatutsi lol Abatutsi Abatutsi,hate
kbs smh Inzangano Abahutu Inzangano Inzangano Abahutu smh Inzangano kbs,hate
kbs Ubuzima Ibyiza byinshi Ibyiza byinshi kbs,normal
Abatutsi sha Ibinyoma Ibinyoma Ntacyo mumaze lol,hate
Abahutu kbs Abatutsi smh Ibyitso,hate
sha Inda nini Abatutsi Inzangano kbs Urupfu Inda nini kbs Urupfu,hate
Urupfu Abagome bro lol Abahutu Abatutsi lol Abatutsi bro Abahutu Abagome Urupfu,hate
lol Muraho Ubuzima Ubuzima,normal
Sure kabisa rwose lol Sure kabisa rwose,sarcasm/joke
Abagome Inda nini kbs Ntacyo mumaze,hate
Nuko se! lol lol Sure kabisa Sure kabisa,sarcasm/joke
Amahoro sha bro Ikirere Ubuzima bro Ikirere sha,normal
Amakuru Amahoro smh Umutuzo Umutuzo,normal
lol Abanyarwanda Abanyarwanda bro lol Abanyarwanda bro Abanyarwanda,hate
Ibyiza byinshi kbs Umutuzo smh smh Ibyiza byinshi Umutuzo kbs,normal
bro Abagome lol Abanyarwanda lol Abagome,hate
Amahoro bro Ubuzima,normal
sha Abanyarwanda Abanyarwanda Abanyarwanda sha Abanyarwanda,hate
Ibyiza byinshi sha bro Ibyiza byinshi Amakuru Ibyiza byinshi Amakuru Ibyiza byinshi bro,normal
smh Nta kibazo sha Ngo urankunda?,sarcasm/joke
kbs Urupfu sha Ibyitso Abanyarwanda,hate
lol Imirimo Amahoro Amahoro Imirimo lol,normal
smh lol Nta kibazo Nuko se! lol,sarcasm/joke
sha Ubuzima Muraho Umutuzo Umutuzo sha,normal
lol Umutuzo Ubuzima Umutuzo Umugisha kbs Umutuzo lol Umugisha kbs Ubuzima Umutuzo,normal
sha smh Abanyarwanda Abatutsi Abahutu sha Abatutsi Abahutu smh Abanyarwanda,hate
Amahoro bro Imirimo sha Amahoro sha bro Imirimo,normal
smh Nuko se! rwose Hahaha rwose Hahaha smh rwose rwose Nuko se!,sarcasm/joke
Ibyitso kbs Inzangano,hate
Ibinyoma Inzangano Ntacyo mumaze Abagome smh Abagome Ntacyo mumaze,hate
Ibinyoma kbs Inzangano lol,hate
lol Ikirere Muraho Umugisha Muraho Umugisha Ikirere Muraho Muraho lol,normal
sha Nta kibazo Nuko se! Nta kibazo sha Nuko se!,sarcasm/joke
Imirimo kbs smh Amahoro Turashimira Imirimo kbs smh Amahoro Turashimira,normal
Ngo urankunda? lol Nta kibazo Hahaha,sarcasm/joke
smh Abagome Ibyitso kbs Abagome smh kbs Ibyitso,hate
lol Amakuru Ibyiza byinshi Ibyiza byinshi,normal
kbs Ibyitso Abatutsi,hate
Ibinyoma bro Abatutsi Abatutsi,hate
Imirimo Ikirere kbs sha Ikirere kbs,normal
Turashimira lol Umugisha Ubuzima lol Ubuzima Turashimira Umugisha,normal
Sure kabisa Nta kibazo smh,sarcasm/joke
Muraho smh Muraho Ubuzima Muraho Ubuzima Muraho smh,normal
Amakuru Muraho smh Ikirere lol Amakuru Ikirere smh lol,normal
Nuko se! smh Hahaha kbs Nuko se! Hahaha kbs smh,sarcasm/joke
bro sha Ibyiza byinshi Turashimira Muraho bro Ibyiza byinshi,normal
kbs Abahutu lol Urupfu Urupfu kbs lol Abahutu,hate
sha Murakoze Turashima Ngo urankunda? bro Turashima,sarcasm/joke
Nta kibazo Kabisa kabisa sha Nuko se! Murakoze,sarcasm/joke
lol rwose sha bro,sarcasm/joke
smh lol Nuko se! Sure kabisa smh Nuko se! lol Sure kabisa,sarcasm/joke
lol sha Umutuzo Ubuzima,normal
Sure kabisa lol lol bro,sarcasm/joke
Amahoro kbs Amakuru Ubuzima Amahoro Amakuru kbs,normal
Hahaha sha Sure kabisa Hahaha Sure kabisa sha,sarcasm/joke
smh lol Hahaha Hahaha smh lol,sarcasm/joke
Abagome lol bro Ibinyoma Ibinyoma Abagome,hate
lol bro Ubuzima Ibyiza byinshi Umugisha Ibyiza byinshi bro Ubuzima lol Umugisha,normal
Nta kibazo Ngo urankunda? lol bro,sarcasm/joke
smh Ibyitso kbs Abahutu Inzangano Urupfu,hate
Abatutsi Urupfu sha bro,hate
bro lol Abatutsi Urupfu Abatutsi Abatutsi bro Abatutsi Urupfu lol,hate
Turashimira sha Umutuzo Umutuzo Turashimira,normal
Ntacyo mumaze Abanyarwanda lol smh Abatutsi Ntacyo mumaze Abanyarwanda,hate
smh Amakuru kbs Ikirere Ibyiza byinshi,normal
Ubuzima Turashimira sha Turashimira kbs Amakuru Turashimira Ubuzima kbs,normal
Nuko se! lol Ngo urankunda? Hahaha Hahaha lol,sarcasm/joke
kbs sha Abagome Abanyarwanda Abagome Abanyarwanda sha Abagome,hate
Ibinyoma Abahutu Urupfu Abatutsi smh Abatutsi Ibinyoma,hate
Murakoze smh kbs Kabisa kabisa,sarcasm/joke
Abatutsi Ibyitso Urupfu sha Inzangano,hate
Umugisha Umutuzo Muraho Imirimo kbs kbs Imirimo Umutuzo Muraho Umugisha,normal
rwose kbs Turashima Turashima kbs rwose,sarcasm/joke
Abahutu Abagome Abatutsi kbs Inzangano Abagome kbs,hate
Amahoro kbs Umutuzo smh Amahoro Umutuzo kbs smh,normal
Sure kabisa Nta kibazo bro kbs,sarcasm/joke
rwose bro rwose Nuko se! rwose bro rwose Nuko se!,sarcasm/joke
Abanyarwanda Abanyarwanda lol Abagome Ibinyoma,hate
smh Muraho Umugisha Ibyiza byinshi sha Ibyiza byinshi Ibyiza byinshi smh Umugisha Muraho Ibyiza byinshi,normal
bro Amakuru Turashimira Muraho Muraho Turashimira Amakuru bro,normal
sha rwose smh Turashima rwose smh,sarcasm/joke
Turashima Hahaha lol Hahaha Hahaha Hahaha Turashima lol,sarcasm/joke
Hahaha Ngo urankunda? smh bro rwose bro Hahaha rwose Ngo urankunda? smh,sarcasm/joke
kbs Urupfu Inda nini Abagome Abanyarwanda kbs Abanyarwanda Inda nini Abagome Urupfu,hate
Murakoze lol smh Hahaha Nta kibazo,sarcasm/joke
lol rwose kbs Ngo urankunda? rwose lol kbs Ngo urankunda?,sarcasm/joke
Nuko se! Hahaha Kabisa kabisa bro lol Turashima,sarcasm/joke
Ibinyoma Ibyitso sha Ntacyo mumaze,hate
Ibyiza byinshi sha Turashimira Ibyiza byinshi Turashimira,normal
kbs Umugisha Muraho,normal
Amahoro bro Ibyiza byinshi lol Ibyiza byinshi Amahoro lol bro,normal
Hahaha lol bro sha rwose bro rwose sha Hahaha lol,sarcasm/joke
kbs Kabisa kabisa sha Nuko se! Murakoze Hahaha kbs sha Nuko se! Kabisa kabisa Murakoze Hahaha,sarcasm/joke
kbs Nuko se! smh Hahaha,sarcasm/joke
Imirimo bro Umugisha smh Ibyiza byinshi Muraho Imirimo Muraho bro Umugisha Ibyiza byinshi,normal
Kabisa kabisa lol Sure kabisa smh Nta kibazo lol,sarcasm/joke
Imirimo kbs Ibyiza byinshi Turashimira Umutuzo sha Turashimira Imirimo Umutuzo sha,normal
Muraho Amahoro bro bro Muraho Amahoro,normal
sha Ikirere Turashimira Muraho Ikirere sha Turashimira,normal
Inda nini Ibyitso sha Inda nini smh sha Inda nini smh,hate
Sure kabisa Murakoze Sure kabisa sha kbs Murakoze sha Murakoze Sure kabisa Sure kabisa,sarcasm/joke
Inda nini kbs Ibinyoma smh Inzangano,hate
kbs Ngo urankunda? lol smh Sure kabisa,sarcasm/joke
Hahaha lol lol lol Hahaha lol lol Hahaha lol Hahaha,sarcasm/joke
bro Ngo urankunda? Turashima,sarcasm/joke
kbs sha Abanyarwanda Ibyitso Ibyitso Abanyarwanda kbs sha,hate
smh Hahaha Nuko se! sha Nuko se! sha smh Hahaha Nuko se! Nuko se!,sarcasm/joke
Nuko se! Sure kabisa Turashima lol Nuko se! lol,sarcasm/joke
rwose bro lol Hahaha Murakoze rwose bro lol,sarcasm/joke
kbs Turashimira Ubuzima Ikirere Ikirere Turashimira kbs Ubuzima,normal
Imirimo Muraho smh Amakuru Amahoro,normal
sha smh Abagome Inzangano Urupfu sha smh Abagome Urupfu Inzangano,hate
Ibyitso Inda nini Ntacyo mumaze bro Ntacyo mumaze Inda nini bro,hate
bro Imirimo Ikirere Turashimira Imirimo bro Ikirere Turashimira,normal
Nta kibazo lol rwose lol Ngo urankunda? Nta kibazo lol Ngo urankunda?,sarcasm/joke
Amahoro bro Turashimira smh Amahoro smh,normal
Ntacyo mumaze Ibyitso smh bro bro Ibyitso Ntacyo mumaze smh,hate
Ibinyoma Ibyitso sha smh sha Ibinyoma smh Ibyitso,hate
smh Abanyarwanda Urupfu lol Ntacyo mumaze Ntacyo mumaze Urupfu,hate
Muraho kbs smh Ubuzima kbs Muraho,normal
Amakuru Ubuzima Umugisha sha Amakuru Umugisha Ubuzima sha,normal
Abahutu Inzangano Abahutu Abahutu kbs bro Abahutu Abahutu Abahutu kbs Inzangano,hate
Amahoro lol Imirimo Ubuzima,normal
kbs Kabisa kabisa lol kbs Kabisa kabisa lol,sarcasm/joke
smh Umugisha Ubuzima kbs Umugisha smh,normal
bro Ibinyoma Ibinyoma Abahutu kbs Abagome,hate
Abatutsi Inzangano smh Abahutu,hate
Amakuru Turashimira Amakuru bro Turashimira Amakuru bro Amakuru,normal
Turashima Kabisa kabisa rwose lol rwose rwose Kabisa kabisa rwose lol Turashima,sarcasm/joke
Umutuzo Imirimo lol Amahoro Turashimira,normal
Inda nini Ibinyoma Ntacyo mumaze sha Ibinyoma sha Ntacyo mumaze,hate
Urupfu Abahutu Inzangano Abatutsi smh Inzangano Abatutsi Urupfu,hate
bro Abahutu Ntacyo mumaze Ibyitso sha,hate
Amakuru Amahoro Amahoro Amahoro sha lol Amakuru sha Amahoro lol Amahoro Amahoro,normal
sha Urupfu Ntacyo mumaze,hate
smh Ibyitso Inzangano lol Abagome Ibyitso Abagome Inzangano lol smh,hate
Ntacyo mumaze Urupfu smh Inzangano Abatutsi Urupfu smh Inzangano Abatutsi Ntacyo mumaze,hate
sha kbs Ubuzima Amakuru Umugisha,normal
Ibyiza byinshi Ubuzima smh kbs kbs Ibyiza byinshi Ubuzima smh,normal
bro Nta kibazo Sure kabisa Nta kibazo Sure kabisa bro,sarcasm/joke
Murakoze lol bro lol Sure kabisa Kabisa kabisa,sarcasm/joke
Umugisha kbs Umutuzo Ikirere smh Amakuru Ikirere smh kbs,normal
Hahaha lol rwose bro Hahaha rwose Hahaha lol bro Hahaha,sarcasm/joke
Abahutu Abatutsi Abahutu smh Inzangano Abatutsi Inzangano Abahutu Abahutu,hate
Amahoro sha Amakuru Imirimo,normal
sha Umugisha kbs Umugisha kbs Umugisha,normal
sha Murakoze Kabisa kabisa Murakoze sha Kabisa kabisa,sarcasm/joke
Turashimira smh Umutuzo Turashimira smh,normal
Ibinyoma smh Abatutsi Inda nini Ntacyo mumaze,hate
Turashima Murakoze bro Murakoze bro,sarcasm/joke
kbs Nuko se! Murakoze sha lol Nta kibazo,sarcasm/joke
smh Turashima rwose lol sha Ngo urankunda?,sarcasm/joke
sha lol Sure kabisa Ngo urankunda? sha lol,sarcasm/joke
lol Nuko se! Hahaha Nuko se! Nuko se! Hahaha lol Nuko se!,sarcasm/joke
kbs Kabisa kabisa Nta kibazo Nta kibazo kbs,sarcasm/joke
bro Urupfu Abahutu,hate
Inda nini sha Ibyitso Abanyarwanda Abahutu Inda nini Ibyitso Abahutu Abanyarwanda,hate
Nuko se! Turashima smh Nuko se! sha smh Turashima Nuko se! sha Nuko se!,sarcasm/joke
smh Nuko se! lol Turashima Nta kibazo Turashima Nta kibazo smh Nuko se! lol,sarcasm/joke
Turashima kbs Nta kibazo smh smh Turashima Nta kibazo kbs,sarcasm/joke
Imirimo Ikirere Amahoro kbs Turashimira,normal
sha Nta kibazo Murakoze lol sha Murakoze,sarcasm/joke
Inzangano smh Abatutsi Abahutu smh Abahutu,hate
Inda nini bro Abatutsi Abahutu Abatutsi smh Abatutsi Abatutsi Abahutu bro,hate
Ngo urankunda? rwose Hahaha smh Nuko se! Ngo urankunda? rwose smh Hahaha Nuko se!,sarcasm/joke
Urupfu Abahutu smh Abahutu smh Urupfu,hate
kbs sha Amahoro Amakuru Amahoro Amakuru kbs sha,normal
Ibyiza byinshi lol smh Ubuzima Amakuru Ikirere,normal
lol sha Nta kibazo rwose lol Nta kibazo rwose sha,sarcasm/joke
Ibyitso Abagome smh Urupfu Abagome Urupfu,hate
Umugisha Ibyiza byinshi smh Imirimo Umugisha bro,normal
Abagome smh Inda nini sha,hate
smh Imirimo Imirimo Ubuzima,normal
Urupfu bro Urupfu Ibinyoma,hate
smh sha Abanyarwanda Ibinyoma Ibinyoma smh Abanyarwanda sha,hate
lol Umugisha Amakuru smh Amakuru smh,normal
Umugisha Imirimo Ibyiza byinshi smh lol smh Umugisha Imirimo Ibyiza byinshi,normal
Umutuzo Amakuru smh Amahoro Ibyiza byinshi,normal
lol Abatutsi Ntacyo mumaze,hate
Abahutu kbs sha Abatutsi,hate
Turashima Hahaha Sure kabisa kbs smh kbs Turashima smh Hahaha Sure kabisa,sarcasm/joke
Ibyitso Abagome smh kbs Ibyitso smh Abagome,hate
lol lol bro Nta kibazo rwose bro lol lol Nta kibazo rwose,sarcasm/joke
Ikirere Amahoro Turashimira smh Ibyiza byinshi smh Turashimira Amahoro Ibyiza byinshi,normal
Muraho Ikirere smh smh Muraho Ikirere,normal
Sure kabisa kbs lol Sure kabisa lol lol,sarcasm/joke
Ngo urankunda? lol sha lol sha Ngo urankunda?,sarcasm/joke
lol Hahaha Nta kibazo,sarcasm/joke
Abahutu lol sha Abahutu Abatutsi Urupfu Abatutsi Abahutu sha Urupfu Abahutu,hate
Turashimira lol Amahoro Amahoro Turashimira lol,normal
Ibyitso Abahutu smh Ibyitso Urupfu Ibyitso Ibyitso Abahutu Urupfu smh,hate
bro Murakoze Kabisa kabisa Murakoze bro Kabisa kabisa,sarcasm/joke
smh rwose Kabisa kabisa Hahaha Hahaha Kabisa kabisa,sarcasm/joke
Imirimo Turashimira Amakuru Amahoro bro kbs Amahoro Turashimira bro Imirimo Amakuru kbs,normal
smh Abanyarwanda Urupfu,hate
sha Ibyitso Inzangano Inda nini Abatutsi Inda nini Abatutsi sha Inzangano Ibyitso,hate
lol Kabisa kabisa kbs Sure kabisa Sure kabisa lol Kabisa kabisa kbs,sarcasm/joke
rwose bro kbs Sure kabisa Hahaha rwose Sure kabisa Hahaha bro rwose rwose kbs,sarcasm/joke
Imirimo Amakuru Umutuzo smh,normal
smh Ubuzima Ibyiza byinshi Amahoro Amahoro,normal
Umutuzo Ikirere Turashimira kbs Umugisha sha sha Ikirere Umugisha Umutuzo,normal
Imirimo bro kbs Ubuzima Ubuzima bro,normal
Ikirere bro Umugisha Amahoro Ubuzima bro Ikirere Ubuzima Amahoro Umugisha,normal
Abanyarwanda Abagome lol Abanyarwanda lol Abagome,hate
lol Umutuzo Ubuzima Imirimo sha Umutuzo Imirimo Ubuzima,normal
Sure kabisa sha Kabisa kabisa rwose,sarcasm/joke
kbs Urupfu Inda nini Abahutu Inda nini Urupfu,hate
Umutuzo bro Muraho sha Imirimo Imirimo sha bro Muraho Umutuzo,normal
lol Murakoze Murakoze kbs lol bro,sarcasm/joke
Muraho kbs Imirimo Ibyiza byinshi Amahoro,normal
Turashima Nta kibazo smh Sure kabisa Nta kibazo,sarcasm/joke
lol Abanyarwanda smh Urupfu Urupfu smh,hate
Abanyarwanda Abagome kbs Abagome Abagome kbs Abanyarwanda Abagome,hate
Abanyarwanda kbs Ibinyoma smh Abagome Abahutu Abanyarwanda Abagome smh kbs Ibinyoma Abahutu,hate
Sure kabisa Murakoze Nuko se! bro Murakoze Sure kabisa,sarcasm/joke
lol Murakoze Murakoze Murakoze Murakoze,sarcasm/joke
sha Umugisha Umutuzo Turashimira Turashimira Umutuzo Umugisha sha,normal
lol sha lol Nuko se!,sarcasm/joke
sha Nta kibazo Nuko se! Nuko se! Nuko se! Nuko se! sha Nuko se!,sarcasm/joke
Turashimira bro Turashimira Turashimira lol lol bro Turashimira Turashimira Turashimira,normal
lol Imirimo Umugisha Ikirere Ikirere smh lol Imirimo Umugisha,normal
Hahaha Kabisa kabisa Ngo urankunda? smh,sarcasm/joke
Ubuzima Umutuzo Amakuru Amahoro kbs kbs Ubuzima Amahoro Umutuzo Amakuru,normal
lol Hahaha Sure kabisa lol rwose,sarcasm/joke
Murakoze Kabisa kabisa lol lol Kabisa kabisa Murakoze,sarcasm/joke
Turashimira Amahoro bro Turashimira bro Turashimira Amahoro Turashimira,normal
rwose smh Nta kibazo rwose Nta kibazo smh,sarcasm/joke
Kabisa kabisa Hahaha Ngo urankunda? lol sha Ngo urankunda? sha Hahaha lol Kabisa kabisa,sarcasm/joke
Turashimira Umugisha Umugisha smh Ibyiza byinshi lol,normal
Abahutu kbs Abatutsi smh Abanyarwanda Abatutsi Abahutu,hate
Abagome kbs lol Ntacyo mumaze Ntacyo mumaze Abahutu lol Ntacyo mumaze Abagome kbs,hate
Nuko se! sha Kabisa kabisa bro sha bro Kabisa kabisa Nuko se!,sarcasm/joke
Sure kabisa Turashima smh bro bro smh Sure kabisa Turashima,sarcasm/joke
Umugisha Imirimo Amakuru sha,normal
lol Ibinyoma Ntacyo mumaze Abanyarwanda Ibyitso,hate
lol Ngo urankunda? rwose Turashima rwose,sarcasm/joke
Abagome Inda nini Abagome Ibinyoma kbs Inda nini Abagome,hate
bro Muraho Turashimira Imirimo Imirimo Turashimira,normal
Umutuzo kbs Ubuzima Umutuzo kbs Ubuzima,normal
lol sha Kabisa kabisa Ngo urankunda? Nuko se! Kabisa kabisa Ngo urankunda? Nuko se!,sarcasm/joke
Abatutsi Abanyarwanda bro sha Abahutu sha Abanyarwanda Abatutsi bro,hate
Abatutsi bro Abatutsi sha sha Abatutsi,hate
Kabisa kabisa smh Hahaha Kabisa kabisa smh Hahaha Kabisa kabisa Kabisa kabisa,sarcasm/joke
smh bro Ikirere Turashimira Ikirere Turashimira bro smh,normal
smh Umutuzo Amahoro Ibyiza byinshi,normal
Ikirere Muraho Ubuzima sha Amahoro Muraho Amahoro Ubuzima Ikirere,normal
sha Nuko se! Sure kabisa smh sha Nuko se!,sarcasm/joke
sha Abahutu Abagome Urupfu bro Abahutu bro,hate
sha Imirimo smh Imirimo,normal
smh bro Murakoze rwose Sure kabisa bro Sure kabisa smh,sarcasm/joke
Urupfu bro smh Inzangano,hate
Abahutu Abatutsi kbs Abatutsi Abanyarwanda smh Abatutsi smh Abanyarwanda kbs Abahutu Abatutsi,hate
smh Ibyiza byinshi Muraho lol Umugisha lol Muraho smh,normal
smh Muraho Umutuzo lol Muraho lol,normal
Ntacyo mumaze Abanyarwanda Abanyarwanda kbs Abanyarwanda Ntacyo mumaze kbs Abanyarwanda,hate
smh Ngo urankunda? Ngo urankunda? Murakoze bro Hahaha Ngo urankunda? smh Murakoze Ngo urankunda? Hahaha,sarcasm/joke
Nuko se! Murakoze sha Nuko se! Murakoze,sarcasm/joke
sha kbs Amakuru Ubuzima Muraho sha Ubuzima kbs Amakuru,normal
Umugisha lol Ubuzima Umugisha Umutuzo kbs lol kbs Umugisha,normal
lol Amakuru Turashimira Umugisha Umutuzo,normal
lol Sure kabisa Kabisa kabisa Murakoze,sarcasm/joke
sha Abagome kbs Ntacyo mumaze Abagome Ntacyo mumaze kbs sha,hate
Ibyitso bro Ibinyoma smh Urupfu smh Urupfu bro Ibyitso,hate
lol Abagome Abanyarwanda Abagome Inzangano Abagome Abagome Inzangano Abanyarwanda lol,hate
lol bro Nuko se! Kabisa kabisa lol bro Kabisa kabisa,sarcasm/joke
Ntacyo mumaze kbs sha Abahutu kbs Ntacyo mumaze,hate
kbs bro lol lol,sarcasm/joke
Murakoze sha lol Hahaha lol Hahaha sha,sarcasm/joke
Kabisa kabisa Nta kibazo Murakoze smh Sure kabisa Kabisa kabisa Nta kibazo Murakoze smh Sure kabisa,sarcasm/joke
smh Sure kabisa rwose sha Hahaha Hahaha sha Sure kabisa rwose smh,sarcasm/joke
sha Ibyitso lol Ntacyo mumaze sha Ntacyo mumaze Ibyitso lol,hate
lol Abahutu Ibinyoma smh Ibinyoma smh lol Abahutu,hate
Nta kibazo Ngo urankunda? lol lol Nta kibazo Ngo urankunda?,sarcasm/joke
Ntacyo mumaze kbs Urupfu Abagome smh Urupfu Abagome,hate
Ntacyo mumaze Ntacyo mumaze kbs Abatutsi kbs Ntacyo mumaze Ntacyo mumaze,hate
Abatutsi Abatutsi Inda nini Ibinyoma sha,hate
Imirimo Amakuru sha bro Imirimo Amahoro sha Amakuru Imirimo bro,normal
Ikirere smh Ikirere Imirimo,normal
sha Umutuzo Muraho smh Ubuzima Ubuzima sha Muraho smh Umutuzo,normal
sha Ikirere Ubuzima Umugisha Ikirere Ikirere Ubuzima sha Umugisha Ikirere,normal
bro Ikirere Ubuzima Imirimo bro Ikirere Imirimo Ubuzima,normal
lol lol Ngo urankunda? Hahaha Turashima,sarcasm/joke
Murakoze Ngo urankunda? sha kbs,sarcasm/joke
bro Ibyiza byinshi Ubuzima Ibyiza byinshi Imirimo,normal
smh Ibyiza byinshi Amakuru Turashimira Umutuzo,normal
Abagome Ibinyoma sha,hate
Abatutsi Abagome Abahutu bro Inda nini Abahutu Inda nini bro Abatutsi,hate
Ubuzima bro Ibyiza byinshi kbs Amakuru,normal
Abanyarwanda sha Urupfu,hate
Nta kibazo kbs Turashima Nuko se! lol Nta kibazo Turashima kbs,sarcasm/joke
kbs Amakuru Ikirere Ibyiza byinshi kbs Ibyiza byinshi Ikirere Amakuru,normal
Ibyitso Urupfu Urupfu bro Ibyitso Ibyitso Ibyitso Urupfu Urupfu,hate
Ntacyo mumaze lol Ntacyo mumaze Inda nini sha,hate
Hahaha lol sha Ngo urankunda? Hahaha lol sha,sarcasm/joke
rwose lol bro Murakoze Nta kibazo Murakoze Murakoze rwose Nta kibazo lol bro Murakoze,sarcasm/joke
sha Abatutsi Abatutsi,hate
Amahoro Umutuzo smh Muraho sha sha Amahoro Umutuzo Muraho,normal
kbs Ibyiza byinshi smh Amahoro Amahoro kbs smh Ibyiza byinshi,normal
kbs Abatutsi sha Abagome kbs sha,hate
Abanyarwanda bro Abahutu Ibinyoma lol Ibinyoma lol bro Ibinyoma Abahutu Ibinyoma,hate
Ibyitso kbs Abahutu Abahutu Abahutu kbs Ibyitso Abahutu,hate
bro Nta kibazo Hahaha Nuko se! rwose Hahaha Nuko se! bro Nta kibazo rwose,sarcasm/joke
Turashimira Imirimo bro smh Imirimo smh bro Turashimira,normal
bro Abatutsi lol Inda nini,hate
Ikirere Ibyiza byinshi bro lol Umutuzo,normal
Umutuzo Ibyiza byinshi Imirimo kbs,normal
lol Kabisa kabisa sha Kabisa kabisa sha,sarcasm/joke
Ngo urankunda? Ngo urankunda? Murakoze smh Nta kibazo bro,sarcasm/joke
Turashima Nta kibazo kbs rwose lol Ngo urankunda?,sarcasm/joke
Ibyiza byinshi lol Umutuzo Imirimo Umugisha Umugisha lol Imirimo Umutuzo,normal
Inda nini Inda nini Abatutsi Abanyarwanda smh Inda nini Abanyarwanda smh Inda nini,hate
Ibyiza byinshi smh bro Amahoro Amahoro smh Ibyiza byinshi bro,normal
Hahaha Hahaha Nta kibazo lol lol Hahaha Nta kibazo lol Hahaha lol,sarcasm/joke
bro Muraho Ikirere,normal
sha Inda nini Ibinyoma Abanyarwanda Ibyitso,hate
smh Inzangano Abagome smh Abagome Inzangano,hate
Abagome Ntacyo mumaze Abahutu sha lol,hate
Amakuru smh Amakuru Umutuzo Muraho bro Umutuzo Amakuru Amakuru smh bro Muraho,normal
kbs Turashimira Muraho,normal
sha bro Nuko se! lol Hahaha Nuko se! lol sha bro Hahaha,sarcasm/joke
Inzangano Ibinyoma sha Abatutsi,hate
Ubuzima Ibyiza byinshi bro Umugisha Ubuzima sha sha Ubuzima bro Ibyiza byinshi Ubuzima Umugisha,normal
Hahaha Turashima Nta kibazo kbs rwose,sarcasm/joke
sha Abagome Abanyarwanda,hate
smh rwose lol Kabisa kabisa rwose Kabisa kabisa,sarcasm/joke
bro Kabisa kabisa kbs Ngo urankunda? Kabisa kabisa lol Kabisa kabisa kbs,sarcasm/joke
Umutuzo lol Amakuru,normal
bro Abahutu Urupfu,hate
kbs Muraho Turashimira Amakuru lol Imirimo Muraho Imirimo kbs Turashimira Amakuru lol,normal
bro Inda nini Inda nini Ibinyoma smh Inda nini bro Ibinyoma Inda nini,hate
Muraho Ibyiza byinshi lol Amakuru Muraho lol,normal
lol Nuko se! bro Sure kabisa bro lol,sarcasm/joke
Ntacyo mumaze smh Inzangano smh Inzangano Ntacyo mumaze,hate
Turashimira Imirimo Amakuru bro smh Turashimira bro Imirimo Amakuru smh,normal
lol lol bro Sure kabisa kbs,sarcasm/joke
sha rwose Nta kibazo Turashima lol Kabisa kabisa,sarcasm/joke
Urupfu smh Inda nini kbs Ibinyoma,hate
Ibinyoma bro Inda nini sha bro Inda nini Ibinyoma sha,hate
bro smh Ubuzima Turashimira Imirimo Ubuzima Imirimo,normal
Umutuzo kbs Turashimira Ikirere Muraho Muraho kbs Umutuzo Ikirere,normal
Ngo urankunda? Sure kabisa rwose lol Hahaha bro Sure kabisa Ngo urankunda? Hahaha rwose bro lol,sarcasm/joke
Ibyitso smh Inda nini,hate
Amahoro Umugisha sha Muraho lol Amahoro sha lol,normal
bro Ngo urankunda? Sure kabisa sha Ngo urankunda? sha,sarcasm/joke
Turashima rwose Ngo urankunda? lol,sarcasm/joke
Ibinyoma Urupfu smh Abatutsi Ntacyo mumaze,hate
Abahutu Abanyarwanda smh Abanyarwanda Abahutu smh,hate
sha Hahaha Nta kibazo Kabisa kabisa lol kbs Kabisa kabisa Hahaha kbs lol sha Nta kibazo,sarcasm/joke
smh Kabisa kabisa Hahaha,sarcasm/joke
Umugisha Turashimira Ikirere sha sha Ikirere Umugisha Turashimira,normal
Turashima Sure kabisa Murakoze kbs sha Turashima Sure kabisa Murakoze kbs sha,sarcasm/joke
smh Abatutsi Abanyarwanda Abanyarwanda Abanyarwanda smh Abanyarwanda Abatutsi,hate
Amahoro Amakuru bro Ubuzima Ibyiza byinshi sha Ubuzima Amahoro bro Ibyiza byinshi sha Amakuru,normal
Turashimira Amakuru Umutuzo kbs Turashimira,normal
kbs Kabisa kabisa Sure kabisa Murakoze Kabisa kabisa kbs Murakoze Sure kabisa,sarcasm/joke
Amakuru smh Ibyiza byinshi lol Ubuzima,normal
Ibyiza byinshi lol Imirimo sha Ibyiza byinshi Muraho,normal
Turashima Hahaha smh Kabisa kabisa Nuko se! Turashima smh Nuko se! Hahaha,sarcasm/joke
Inzangano smh Abanyarwanda Ntacyo mumaze Inzangano Abanyarwanda,hate
Abanyarwanda Urupfu Abagome sha sha Abagome Abanyarwanda Urupfu,hate
sha Urupfu Abanyarwanda kbs Urupfu,hate
Kabisa kabisa Ngo urankunda? bro lol Turashima Turashima Ngo urankunda? lol Kabisa kabisa,sarcasm/joke
sha Imirimo Ibyiza byinshi lol Ikirere Umutuzo,normal
kbs Abanyarwanda Ntacyo mumaze sha,hate
Sure kabisa kbs Hahaha Kabisa kabisa kbs Sure kabisa Kabisa kabisa Hahaha,sarcasm/joke
Ibyiza byinshi smh Umutuzo Muraho lol Ikirere,normal
Ibyitso Urupfu smh,hate
bro Nta kibazo Nuko se! sha Turashima bro Nuko se! Turashima sha Nta kibazo,sarcasm/joke
smh Inda nini Ntacyo mumaze Ntacyo mumaze smh Inda nini,hate
Inzangano Ibyitso kbs lol Ntacyo mumaze,hate
Ubuzima Turashimira Ubuzima Amahoro sha kbs Amahoro Ubuzima,normal
Amakuru Turashimira Umugisha bro sha Turashimira Umugisha sha,normal
lol smh kbs Hahaha Kabisa kabisa smh lol Kabisa kabisa,sarcasm/joke
kbs Inda nini Urupfu Inda nini kbs Urupfu,hate
Ntacyo mumaze Abatutsi smh lol Abahutu Abahutu Abatutsi lol Ntacyo mumaze smh,hate
Murakoze Turashima Turashima smh Turashima Turashima smh Murakoze,sarcasm/joke
